SU-DHL-10_test_loss,SU-DHL-10_test_acc,SU-DHL-10_test_recall,SU-DHL-10_test_auc,SU-DHL-10_test_prec,SU-DHL-10_test_f1,SU-DHL-10_test_pr_auc
0.24905118787730182,0.9022118742724098,0.5,0.8696557971014494,0.4107142857142857,0.45098039215686275,0.3985443393658787
