{
  "threshold_metric": "f1",
  "best_threshold": 0.28600000000000003,
  "best_threshold_score": 0.38541666666666674,
  "val_eval_at_best_threshold": {
    "acc": 0.8282387190684134,
    "recall": 0.6851851851851852,
    "precision": 0.26811594202898553,
    "f1": 0.38541666666666674,
    "roc_auc": 0.8422049616757357,
    "pr_auc": 0.3146764528156484
  },
  "test_eval_at_best_threshold": {
    "acc": 0.8413853317811408,
    "recall": 0.6884057971014492,
    "precision": 0.29275808936825887,
    "f1": 0.41081081081081083,
    "roc_auc": 0.8696557971014494,
    "pr_auc": 0.3985443393658787
  },
  "val_eval_at_0.5": {
    "acc": 0.8777292576419214,
    "recall": 0.37037037037037035,
    "precision": 0.2857142857142857,
    "f1": 0.3225806451612903,
    "roc_auc": 0.8422049616757357,
    "pr_auc": 0.3146764528156484
  },
  "test_eval_at_0.5": {
    "acc": 0.9022118742724098,
    "recall": 0.5,
    "precision": 0.4107142857142857,
    "f1": 0.45098039215686275,
    "roc_auc": 0.8696557971014494,
    "pr_auc": 0.3985443393658787
  }
}