ROS-50_test_loss,ROS-50_test_acc,ROS-50_test_recall,ROS-50_test_auc,ROS-50_test_prec,ROS-50_test_f1,ROS-50_test_pr_auc
0.21459229538838068,0.920547147846333,0.3850574712643678,0.8014827656680549,0.2875536480686695,0.32923832923832924,0.2825614720308397
