{
  "threshold_metric": "f1",
  "best_threshold": 0.494,
  "best_threshold_score": 0.36486486486486486,
  "val_eval_at_best_threshold": {
    "acc": 0.9315866084425036,
    "recall": 0.4090909090909091,
    "precision": 0.32926829268292684,
    "f1": 0.36486486486486486,
    "roc_auc": 0.8228616439625613,
    "pr_auc": 0.23959505849442345
  },
  "test_eval_at_best_threshold": {
    "acc": 0.920547147846333,
    "recall": 0.39655172413793105,
    "precision": 0.2911392405063291,
    "f1": 0.3357664233576642,
    "roc_auc": 0.8014827656680549,
    "pr_auc": 0.2825614720308397
  },
  "val_eval_at_0.5": {
    "acc": 0.9308588064046579,
    "recall": 0.3939393939393939,
    "precision": 0.32098765432098764,
    "f1": 0.3537414965986394,
    "roc_auc": 0.8228616439625613,
    "pr_auc": 0.23959505849442345
  },
  "test_eval_at_0.5": {
    "acc": 0.920547147846333,
    "recall": 0.3850574712643678,
    "precision": 0.2875536480686695,
    "f1": 0.32923832923832924,
    "roc_auc": 0.8014827656680549,
    "pr_auc": 0.2825614720308397
  }
}