KMS-11_test_loss,KMS-11_test_acc,KMS-11_test_recall,KMS-11_test_auc,KMS-11_test_prec,KMS-11_test_f1,KMS-11_test_pr_auc
0.26275035242239636,0.8949359720605355,0.5196078431372549,0.8512090459186872,0.4262734584450402,0.46833578792341685,0.4354738285360416
