{
  "threshold_metric": "f1",
  "best_threshold": 0.419,
  "best_threshold_score": 0.4786885245901639,
  "val_eval_at_best_threshold": {
    "acc": 0.8842794759825328,
    "recall": 0.5615384615384615,
    "precision": 0.41714285714285715,
    "f1": 0.4786885245901639,
    "roc_auc": 0.8328283452881524,
    "pr_auc": 0.4378660933042586
  },
  "test_eval_at_best_threshold": {
    "acc": 0.8818393480791619,
    "recall": 0.6078431372549019,
    "precision": 0.3940677966101695,
    "f1": 0.4781491002570694,
    "roc_auc": 0.8512090459186872,
    "pr_auc": 0.4354738285360416
  },
  "val_eval_at_0.5": {
    "acc": 0.895924308588064,
    "recall": 0.46153846153846156,
    "precision": 0.45112781954887216,
    "f1": 0.4562737642585551,
    "roc_auc": 0.8328283452881524,
    "pr_auc": 0.4378660933042586
  },
  "test_eval_at_0.5": {
    "acc": 0.8949359720605355,
    "recall": 0.5196078431372549,
    "precision": 0.4262734584450402,
    "f1": 0.46833578792341685,
    "roc_auc": 0.8512090459186872,
    "pr_auc": 0.4354738285360416
  }
}