LP-1_test_loss,LP-1_test_acc,LP-1_test_recall,LP-1_test_auc,LP-1_test_prec,LP-1_test_f1,LP-1_test_pr_auc
0.2700034123327997,0.8946755891766075,0.43214285714285716,0.8179849766957782,0.3734567901234568,0.4006622516556292,0.34522780178103313
