{
  "threshold_metric": "f1",
  "best_threshold": 0.465,
  "best_threshold_score": 0.43703703703703706,
  "val_eval_at_best_threshold": {
    "acc": 0.8893740902474527,
    "recall": 0.5363636363636364,
    "precision": 0.36875,
    "f1": 0.43703703703703706,
    "roc_auc": 0.8500755178365937,
    "pr_auc": 0.40457985537171415
  },
  "test_eval_at_best_threshold": {
    "acc": 0.889147512365435,
    "recall": 0.45,
    "precision": 0.35694050991501414,
    "f1": 0.39810426540284355,
    "roc_auc": 0.8179849766957782,
    "pr_auc": 0.34522780178103313
  },
  "val_eval_at_0.5": {
    "acc": 0.8922852983988355,
    "recall": 0.4909090909090909,
    "precision": 0.3698630136986301,
    "f1": 0.421875,
    "roc_auc": 0.8500755178365937,
    "pr_auc": 0.40457985537171415
  },
  "test_eval_at_0.5": {
    "acc": 0.8946755891766075,
    "recall": 0.43214285714285716,
    "precision": 0.3734567901234568,
    "f1": 0.4006622516556292,
    "roc_auc": 0.8179849766957782,
    "pr_auc": 0.34522780178103313
  }
}