OCI-AML2_test_loss,OCI-AML2_test_acc,OCI-AML2_test_recall,OCI-AML2_test_auc,OCI-AML2_test_prec,OCI-AML2_test_f1,OCI-AML2_test_pr_auc
0.24131781759637375,0.9022118742724098,0.42,0.8701105442176871,0.4375,0.4285714285714286,0.4096727600220884
