{
  "threshold_metric": "f1",
  "best_threshold": 0.421,
  "best_threshold_score": 0.47692307692307695,
  "val_eval_at_best_threshold": {
    "acc": 0.901018922852984,
    "recall": 0.5166666666666667,
    "precision": 0.44285714285714284,
    "f1": 0.47692307692307695,
    "roc_auc": 0.851335725677831,
    "pr_auc": 0.4471318402763865
  },
  "test_eval_at_best_threshold": {
    "acc": 0.8937718277066357,
    "recall": 0.51,
    "precision": 0.4123989218328841,
    "f1": 0.4560357675111774,
    "roc_auc": 0.8701105442176871,
    "pr_auc": 0.4096727600220884
  },
  "val_eval_at_0.5": {
    "acc": 0.9068413391557496,
    "recall": 0.43333333333333335,
    "precision": 0.4642857142857143,
    "f1": 0.4482758620689655,
    "roc_auc": 0.851335725677831,
    "pr_auc": 0.4471318402763865
  },
  "test_eval_at_0.5": {
    "acc": 0.9022118742724098,
    "recall": 0.42,
    "precision": 0.4375,
    "f1": 0.4285714285714286,
    "roc_auc": 0.8701105442176871,
    "pr_auc": 0.4096727600220884
  }
}