OCI-AML3_test_loss,OCI-AML3_test_acc,OCI-AML3_test_recall,OCI-AML3_test_auc,OCI-AML3_test_prec,OCI-AML3_test_f1,OCI-AML3_test_pr_auc
0.24044339855511984,0.9074774512656386,0.4707792207792208,0.8640643871947803,0.48333333333333334,0.4769736842105263,0.46971258018878986
