{
  "threshold_metric": "f1",
  "best_threshold": 0.32,
  "best_threshold_score": 0.5207100591715975,
  "val_eval_at_best_threshold": {
    "acc": 0.8820960698689956,
    "recall": 0.6285714285714286,
    "precision": 0.4444444444444444,
    "f1": 0.5207100591715975,
    "roc_auc": 0.8558462607084973,
    "pr_auc": 0.45437023787878966
  },
  "test_eval_at_best_threshold": {
    "acc": 0.8804189700320046,
    "recall": 0.5714285714285714,
    "precision": 0.3868131868131868,
    "f1": 0.4613368283093054,
    "roc_auc": 0.8640643871947803,
    "pr_auc": 0.46971258018878986
  },
  "val_eval_at_0.5": {
    "acc": 0.895924308588064,
    "recall": 0.4714285714285714,
    "precision": 0.4888888888888889,
    "f1": 0.48000000000000004,
    "roc_auc": 0.8558462607084973,
    "pr_auc": 0.45437023787878966
  },
  "test_eval_at_0.5": {
    "acc": 0.9074774512656386,
    "recall": 0.4707792207792208,
    "precision": 0.48333333333333334,
    "f1": 0.4769736842105263,
    "roc_auc": 0.8640643871947803,
    "pr_auc": 0.46971258018878986
  }
}