IM-9_test_loss,IM-9_test_acc,IM-9_test_recall,IM-9_test_auc,IM-9_test_prec,IM-9_test_f1,IM-9_test_pr_auc
0.23336228286778485,0.9150174621653085,0.4,0.8285580665411175,0.4132231404958678,0.4065040650406504,0.3596738298892198
