{
  "threshold_metric": "f1",
  "best_threshold": 0.388,
  "best_threshold_score": 0.4736842105263158,
  "val_eval_at_best_threshold": {
    "acc": 0.9126637554585153,
    "recall": 0.5142857142857142,
    "precision": 0.43902439024390244,
    "f1": 0.4736842105263158,
    "roc_auc": 0.848557169124545,
    "pr_auc": 0.4070980895115346
  },
  "test_eval_at_best_threshold": {
    "acc": 0.8958090803259604,
    "recall": 0.468,
    "precision": 0.34210526315789475,
    "f1": 0.3952702702702703,
    "roc_auc": 0.8285580665411175,
    "pr_auc": 0.3596738298892198
  },
  "val_eval_at_0.5": {
    "acc": 0.9235807860262009,
    "recall": 0.4380952380952381,
    "precision": 0.5,
    "f1": 0.467005076142132,
    "roc_auc": 0.848557169124545,
    "pr_auc": 0.4070980895115346
  },
  "test_eval_at_0.5": {
    "acc": 0.9150174621653085,
    "recall": 0.4,
    "precision": 0.4132231404958678,
    "f1": 0.4065040650406504,
    "roc_auc": 0.8285580665411175,
    "pr_auc": 0.3596738298892198
  }
}