SU-DHL-5_epoch,SU-DHL-5_train_loss,SU-DHL-5_train_acc,SU-DHL-5_val_loss,SU-DHL-5_val_acc,SU-DHL-5_val_recall,SU-DHL-5_val_auc,SU-DHL-5_val_prec,SU-DHL-5_val_f1,SU-DHL-5_val_pr_auc
1,0.49139677633329765,0.004451733833177133,0.3549371808767319,0.87627365356623,0.46621621621621623,0.8271846479432123,0.43125,0.4480519480519481,0.411151674886071
2,0.41355390140076276,0.004451733833177133,0.33103634823452344,0.8850072780203785,0.5202702702702703,0.8396620519377452,0.4695121951219512,0.49358974358974356,0.43713601329453156
3,0.37902563917882665,0.003983130271790066,0.2924602756446058,0.893740902474527,0.44594594594594594,0.8424286848022574,0.5076923076923077,0.4748201438848921,0.4548676069032643
4,0.36535606702271195,0.0035145267104029986,0.2963622991334308,0.8893740902474527,0.46621621621621623,0.8401635730346987,0.4859154929577465,0.47586206896551725,0.45937672439702
5,0.3455752609009595,0.004686035613870665,0.29953439736908133,0.8901018922852983,0.4864864864864865,0.8432719015916407,0.4897959183673469,0.488135593220339,0.47468159954699124
6,0.3254667465987894,0.004451733833177133,0.315218909220262,0.8733624454148472,0.527027027027027,0.841789383184163,0.42857142857142855,0.47272727272727266,0.4683307298900037
7,0.3156226381813128,0.004451733833177133,0.30224485898559744,0.8842794759825328,0.49324324324324326,0.8415744455711828,0.46496815286624205,0.47868852459016387,0.4754906067797329
8,0.3101490294349562,0.004451733833177133,0.3043008141896941,0.8791848617176128,0.49324324324324326,0.8412768396455181,0.4451219512195122,0.46794871794871795,0.47725287500332486
