SU-DHL-5_test_loss,SU-DHL-5_test_acc,SU-DHL-5_test_recall,SU-DHL-5_test_auc,SU-DHL-5_test_prec,SU-DHL-5_test_f1,SU-DHL-5_test_pr_auc
0.3009375626290286,0.8763456502764039,0.5240641711229946,0.8467411628528181,0.44243792325056436,0.47980416156670747,0.4899890022676173
