{
  "threshold_metric": "f1",
  "best_threshold": 0.438,
  "best_threshold_score": 0.4831460674157303,
  "val_eval_at_best_threshold": {
    "acc": 0.86608442503639,
    "recall": 0.581081081081081,
    "precision": 0.41346153846153844,
    "f1": 0.4831460674157303,
    "roc_auc": 0.8412768396455181,
    "pr_auc": 0.47725287500332486
  },
  "test_eval_at_best_threshold": {
    "acc": 0.8606342740762293,
    "recall": 0.5721925133689839,
    "precision": 0.40150093808630394,
    "f1": 0.4718853362734289,
    "roc_auc": 0.8467411628528181,
    "pr_auc": 0.4899890022676173
  },
  "val_eval_at_0.5": {
    "acc": 0.8791848617176128,
    "recall": 0.49324324324324326,
    "precision": 0.4451219512195122,
    "f1": 0.46794871794871795,
    "roc_auc": 0.8412768396455181,
    "pr_auc": 0.47725287500332486
  },
  "test_eval_at_0.5": {
    "acc": 0.8763456502764039,
    "recall": 0.5240641711229946,
    "precision": 0.44243792325056436,
    "f1": 0.47980416156670747,
    "roc_auc": 0.8467411628528181,
    "pr_auc": 0.4899890022676173
  }
}