SU-DHL-8_test_loss,SU-DHL-8_test_acc,SU-DHL-8_test_recall,SU-DHL-8_test_auc,SU-DHL-8_test_prec,SU-DHL-8_test_f1,SU-DHL-8_test_pr_auc
0.3016254700444363,0.8757275902211874,0.5419161676646707,0.8439397800144394,0.3978021978021978,0.458808618504436,0.4262341344207046
