{
  "threshold_metric": "f1",
  "best_threshold": 0.616,
  "best_threshold_score": 0.4404332129963899,
  "val_eval_at_best_threshold": {
    "acc": 0.8871906841339156,
    "recall": 0.46923076923076923,
    "precision": 0.41496598639455784,
    "f1": 0.4404332129963899,
    "roc_auc": 0.8470751916893396,
    "pr_auc": 0.41461018636085956
  },
  "test_eval_at_best_threshold": {
    "acc": 0.8931897555296857,
    "recall": 0.47604790419161674,
    "precision": 0.452991452991453,
    "f1": 0.4642335766423357,
    "roc_auc": 0.8439397800144394,
    "pr_auc": 0.4262341344207046
  },
  "val_eval_at_0.5": {
    "acc": 0.8653566229985444,
    "recall": 0.5230769230769231,
    "precision": 0.35602094240837695,
    "f1": 0.4236760124610592,
    "roc_auc": 0.8470751916893396,
    "pr_auc": 0.41461018636085956
  },
  "test_eval_at_0.5": {
    "acc": 0.8757275902211874,
    "recall": 0.5419161676646707,
    "precision": 0.3978021978021978,
    "f1": 0.458808618504436,
    "roc_auc": 0.8439397800144394,
    "pr_auc": 0.4262341344207046
  }
}