ARH-77_test_loss,ARH-77_test_acc,ARH-77_test_recall,ARH-77_test_auc,ARH-77_test_prec,ARH-77_test_f1,ARH-77_test_pr_auc
0.27046549030476147,0.8862048894062864,0.46496815286624205,0.8499930634045625,0.3956639566395664,0.4275256222547584,0.43404176216769774
