{
  "threshold_metric": "f1",
  "best_threshold": 0.537,
  "best_threshold_score": 0.48101265822784806,
  "val_eval_at_best_threshold": {
    "acc": 0.9104803493449781,
    "recall": 0.5229357798165137,
    "precision": 0.4453125,
    "f1": 0.48101265822784806,
    "roc_auc": 0.8635166986981905,
    "pr_auc": 0.4462572808764587
  },
  "test_eval_at_best_threshold": {
    "acc": 0.890279394644936,
    "recall": 0.43630573248407645,
    "precision": 0.4065281899109792,
    "f1": 0.4208909370199693,
    "roc_auc": 0.8499930634045625,
    "pr_auc": 0.43404176216769774
  },
  "val_eval_at_0.5": {
    "acc": 0.901018922852984,
    "recall": 0.5321100917431193,
    "precision": 0.40559440559440557,
    "f1": 0.46031746031746035,
    "roc_auc": 0.8635166986981905,
    "pr_auc": 0.4462572808764587
  },
  "test_eval_at_0.5": {
    "acc": 0.8862048894062864,
    "recall": 0.46496815286624205,
    "precision": 0.3956639566395664,
    "f1": 0.4275256222547584,
    "roc_auc": 0.8499930634045625,
    "pr_auc": 0.43404176216769774
  }
}