L-363_test_loss,L-363_test_acc,L-363_test_recall,L-363_test_auc,L-363_test_prec,L-363_test_f1,L-363_test_pr_auc
0.228775261176957,0.9138533178114087,0.5190839694656488,0.8690589570797078,0.4444444444444444,0.4788732394366197,0.42668191901153807
