{
  "threshold_metric": "f1",
  "best_threshold": 0.325,
  "best_threshold_score": 0.45454545454545453,
  "val_eval_at_best_threshold": {
    "acc": 0.8777292576419214,
    "recall": 0.5882352941176471,
    "precision": 0.37037037037037035,
    "f1": 0.45454545454545453,
    "roc_auc": 0.8416284442063678,
    "pr_auc": 0.4075703326331918
  },
  "test_eval_at_best_threshold": {
    "acc": 0.8751455180442375,
    "recall": 0.6374045801526718,
    "precision": 0.3333333333333333,
    "f1": 0.43774574049803405,
    "roc_auc": 0.8690589570797078,
    "pr_auc": 0.42668191901153807
  },
  "val_eval_at_0.5": {
    "acc": 0.9002911208151383,
    "recall": 0.42857142857142855,
    "precision": 0.425,
    "f1": 0.42677824267782427,
    "roc_auc": 0.8416284442063678,
    "pr_auc": 0.4075703326331918
  },
  "test_eval_at_0.5": {
    "acc": 0.9138533178114087,
    "recall": 0.5190839694656488,
    "precision": 0.4444444444444444,
    "f1": 0.4788732394366197,
    "roc_auc": 0.8690589570797078,
    "pr_auc": 0.42668191901153807
  }
}