OCI-LY-19_test_loss,OCI-LY-19_test_acc,OCI-LY-19_test_recall,OCI-LY-19_test_auc,OCI-LY-19_test_prec,OCI-LY-19_test_f1,OCI-LY-19_test_pr_auc
0.21229689016386313,0.9231664726426076,0.3236994219653179,0.7988960122161423,0.27586206896551724,0.29787234042553196,0.25035510150429263
