{
  "threshold_metric": "f1",
  "best_threshold": 0.417,
  "best_threshold_score": 0.3841059602649007,
  "val_eval_at_best_threshold": {
    "acc": 0.9323144104803494,
    "recall": 0.4915254237288136,
    "precision": 0.31521739130434784,
    "f1": 0.3841059602649007,
    "roc_auc": 0.8840110846168718,
    "pr_auc": 0.26556932616141704
  },
  "test_eval_at_best_threshold": {
    "acc": 0.910069848661234,
    "recall": 0.37572254335260113,
    "precision": 0.24436090225563908,
    "f1": 0.296127562642369,
    "roc_auc": 0.7988960122161423,
    "pr_auc": 0.25035510150429263
  },
  "val_eval_at_0.5": {
    "acc": 0.9417758369723436,
    "recall": 0.4067796610169492,
    "precision": 0.34782608695652173,
    "f1": 0.375,
    "roc_auc": 0.8840110846168718,
    "pr_auc": 0.26556932616141704
  },
  "test_eval_at_0.5": {
    "acc": 0.9231664726426076,
    "recall": 0.3236994219653179,
    "precision": 0.27586206896551724,
    "f1": 0.29787234042553196,
    "roc_auc": 0.7988960122161423,
    "pr_auc": 0.25035510150429263
  }
}