RPMI-8226_test_loss,RPMI-8226_test_acc,RPMI-8226_test_recall,RPMI-8226_test_auc,RPMI-8226_test_prec,RPMI-8226_test_f1,RPMI-8226_test_pr_auc
0.23773815703612786,0.910069848661234,0.43043478260869567,0.838643575903876,0.3574007220216607,0.3905325443786982,0.33215715313494765
