{
  "threshold_metric": "f1",
  "best_threshold": 0.505,
  "best_threshold_score": 0.41052631578947374,
  "val_eval_at_best_threshold": {
    "acc": 0.9184861717612809,
    "recall": 0.45348837209302323,
    "precision": 0.375,
    "f1": 0.41052631578947374,
    "roc_auc": 0.8468871876354181,
    "pr_auc": 0.2911111422517119
  },
  "test_eval_at_best_threshold": {
    "acc": 0.910069848661234,
    "recall": 0.41739130434782606,
    "precision": 0.35424354243542433,
    "f1": 0.3832335329341317,
    "roc_auc": 0.838643575903876,
    "pr_auc": 0.33215715313494765
  },
  "val_eval_at_0.5": {
    "acc": 0.9163027656477438,
    "recall": 0.45348837209302323,
    "precision": 0.3644859813084112,
    "f1": 0.40414507772020725,
    "roc_auc": 0.8468871876354181,
    "pr_auc": 0.2911111422517119
  },
  "test_eval_at_0.5": {
    "acc": 0.910069848661234,
    "recall": 0.43043478260869567,
    "precision": 0.3574007220216607,
    "f1": 0.3905325443786982,
    "roc_auc": 0.838643575903876,
    "pr_auc": 0.33215715313494765
  }
}