human_test_loss,human_test_acc,human_test_recall,human_test_auc,human_test_prec,human_test_f1,human_test_pr_auc
0.2956454947809963,0.8825609099992314,0.702270189802754,0.9059435402018154,0.7216061185468451,0.7118068653338363,0.7873099515652626
