{
  "threshold_metric": "f1",
  "best_threshold": 0.488,
  "best_threshold_score": 0.7264451524806556,
  "val_eval_at_best_threshold": {
    "acc": 0.884511913912375,
    "recall": 0.7150537634408602,
    "precision": 0.7382053654024052,
    "f1": 0.7264451524806556,
    "roc_auc": 0.9029154304231635,
    "pr_auc": 0.7935695206103193
  },
  "test_eval_at_best_threshold": {
    "acc": 0.8819460456536776,
    "recall": 0.708969110532192,
    "precision": 0.7164347499059797,
    "f1": 0.712682379349046,
    "roc_auc": 0.9059435402018154,
    "pr_auc": 0.7873099515652626
  },
  "val_eval_at_0.5": {
    "acc": 0.8852805534204458,
    "recall": 0.706989247311828,
    "precision": 0.7450424929178471,
    "f1": 0.7255172413793103,
    "roc_auc": 0.9029154304231635,
    "pr_auc": 0.7935695206103193
  },
  "test_eval_at_0.5": {
    "acc": 0.8825609099992314,
    "recall": 0.702270189802754,
    "precision": 0.7216061185468451,
    "f1": 0.7118068653338363,
    "roc_auc": 0.9059435402018154,
    "pr_auc": 0.7873099515652626
  }
}