OPM-2_test_loss,OPM-2_test_acc,OPM-2_test_recall,OPM-2_test_auc,OPM-2_test_prec,OPM-2_test_f1,OPM-2_test_pr_auc
0.2607816917200883,0.8995925494761351,0.3541666666666667,0.8128672966963152,0.39080459770114945,0.3715846994535519,0.3611965604995034
