{
  "threshold_metric": "f1",
  "best_threshold": 0.432,
  "best_threshold_score": 0.424,
  "val_eval_at_best_threshold": {
    "acc": 0.8951965065502183,
    "recall": 0.4818181818181818,
    "precision": 0.37857142857142856,
    "f1": 0.424,
    "roc_auc": 0.7952243958573072,
    "pr_auc": 0.4012875583999912
  },
  "test_eval_at_best_threshold": {
    "acc": 0.8920256111757858,
    "recall": 0.4097222222222222,
    "precision": 0.36990595611285265,
    "f1": 0.3887973640856672,
    "roc_auc": 0.8128672966963152,
    "pr_auc": 0.3611965604995034
  },
  "val_eval_at_0.5": {
    "acc": 0.9024745269286754,
    "recall": 0.43636363636363634,
    "precision": 0.4,
    "f1": 0.41739130434782606,
    "roc_auc": 0.7952243958573072,
    "pr_auc": 0.4012875583999912
  },
  "test_eval_at_0.5": {
    "acc": 0.8995925494761351,
    "recall": 0.3541666666666667,
    "precision": 0.39080459770114945,
    "f1": 0.3715846994535519,
    "roc_auc": 0.8128672966963152,
    "pr_auc": 0.3611965604995034
  }
}